{
  "train_loss": [
    0.3598480728956369,
    0.2856482473703531,
    0.2708121331838461,
    0.26359739211889416,
    0.2533820409041185,
    0.24659821161857018,
    0.2467832209972235,
    0.24503415479109839,
    0.24460380925582006,
    0.2473132610321045
  ],
  "test_loss": [
    0.4863005429506302,
    0.335164837539196,
    0.27316615730524063,
    0.2431456483900547,
    0.23452062532305717,
    0.22959104552865028,
    0.2296583577990532,
    0.22854934632778168,
    0.2292029783129692,
    0.22844567894935608
  ],
  "test_f1": [
    0.0,
    0.9722959784440726,
    0.9999999949999185,
    0.9999999949999185,
    0.9999999949999185,
    0.9999999949999185,
    0.9999999949999185,
    0.9999999949999185,
    0.9999999949999185,
    0.9999999949999185
  ],
  "test_iou": [
    0.0,
    0.9460856119790897,
    0.9999999999999186,
    0.9999999999999186,
    0.9999999999999186,
    0.9999999999999186,
    0.9999999999999186,
    0.9999999999999186,
    0.9999999999999186,
    0.9999999999999186
  ]
}