{
  "train_loss": [
    0.4152262264223241,
    0.3312706564789388,
    0.32678870612116,
    0.3268860026971618,
    0.329924135955412,
    0.3270510119288715,
    0.3274952573562736,
    0.32770698150592065,
    0.3264319060453728,
    0.3275252972076188
  ],
  "test_loss": [
    0.3433854018940645,
    0.32945966720581055,
    0.328908036736881,
    0.32334191834225373,
    0.3254694658167222,
    0.3320268778239979,
    0.3277197743163389,
    0.32525447361609516,
    0.3289628344423631,
    0.32995474689147053
  ],
  "test_f1": [
    0.0,
    0.0,
    0.0,
    0.0,
    0.0,
    0.0,
    0.0,
    0.0,
    0.0,
    0.0
  ],
  "test_iou": [
    0.0,
    0.0,
    0.0,
    0.0,
    0.0,
    0.0,
    0.0,
    0.0,
    0.0,
    0.0
  ]
}